Surname,Gender
Hargrave,Female
Bartlett,Male
Bearce,Male
Goforth,Male
Romeo,Male
Muldrow,Male
Mosman,Male
Azikiwe,Female
Odinakachukwu,Male
Maggard,Female
Armstrong,Male
Lavine,Female
O'Brien,Female
Yoo,Male
Phillipps,Male
Velazquez,Male
Jeffrey,Male
Glauert,Female
Konovalova,Male
McKee,Male
Ballard,Female
Bushell,Male
Postle,Female
Buley,Female
Beit,Female
Gant,Male
Heap,Female
Yuille,Male
Allard,Male
Dunbabin,Female
Mauldon,Female
Stiger,Male
Walkom,Male
Eremenko,Male
Thorpe,Male
Culbreth,Male
Fernie,Male
Kaodilinakachukwu,Female
Arthur,Female
Groves,Male
Forwood,Female
Greeves,Male
Bennelong,Female
Treacy,Female
Taverner,Male
Taubman,Female
Yost,Male
Okechukwu,Male
Rozier,Female
Golovanov,Male
Potts,Male
Aleshire,Male
Volkov,Male
Jude,Male
Onuora,Female
Collins,Male
Glassman,Female
Kornilova,Male
Bagley,Male
O'Sullivan,Male
Ringrose,Male
Fiore,Male
Pacheco,Female
Synnot,Female
Barnes,Male
Madison,Male
Ifesinachi,Female
Glazkov,Male
Dimauro,Female
Wieck,Male
Kirkland,Male
Jess,Female
Ifeajuna,Male
Morton,Female
Reppert,Female
Fielding,Female
Dulhunty,Male
Bevington,Male
Newton,Male
Bowman,Male
Wilsmore,Male
Wallwork,Female
Booth,Male
Efremov,Female
Hartley,Female
Onwuatuegwu,Male
Pokrovskii,Female
McEncroe,Female
Pearson,Male
Pardey,Male
Beach,Male
Faulkner,Male
Marrero,Female
Foley,Male
Amos,Female
Nolan,Female
Blair,Male
Distefano,Female
Onyemaechi,Male
Demidov,Male
Celis,Female
Morin,Male
Outhwaite,Female
Fennell,Male
Fontaine,Male
Pino,Male
Moseley,Male
De Salis,Female
Richardson,Female
Fitch,Male
Estes,Male
Lattimore,Male
Utz,Male
Nwachinemelu,Male
Kuznetsova,Male
Ugoji,Male
Parkinson,Male
Oleary,Male
Newbold,Female
Hilton,Female
Titus,Male
Templeman,Male
Hare,Male
Elewechi,Female
Ankudinov,Female
Nwokike,Male
Carslaw,Male
Westerberg,Female
Selezneva,Female
Chizuoke,Male
Lueck,Male
Outlaw,Male
Isayev,Male
Knipe,Male
Humphreys,Male
Nkemakolam,Male
Ferreira,Female
Little,Female
Reichard,Female
Bruce,Male
Sumrall,Male
Wentworth-Shields,Male
Pendergrass,Female
Billson,Female
Dobson,Male
Revell,Female
Rickards,Female
Begum,Female
Zuyev,Male
Buchi,Male
Uchenna,Male
Coffman,Male
Stout,Female
Chadwick,Male
Avdeyeva,Female
Lynton,Male
Steinhoff,Female
Guerra,Male
Lazareva,Male
Alderete,Male
Mirams,Female
Mairinger,Male
Pokrovsky,Male
Stonebraker,Female
Grubb,Female
Akeroyd,Female
Bledsoe,Female
Wickens,Male
Wertheim,Female
Repina,Male
Blakey,Female
Higinbotham,Male
Maccallum,Female
Mitchel,Female
Ferdinand,Female
Mamelu,Male
Perrodin,Male
Chinagorom,Female
Edgar,Male
Elkins,Male
Fisher,Male
Oldham,Male
Cody,Female
Gell,Female
Chiwetelu,Male
Muecke,Female
Ashley,Female
Pitts,Female
Standish,Male
McElroy,Male
Denisov,Male
Verco,Female
Outtrim,Male
Virgo,Female
Perez,Male
Alley,Female
Harker,Male
Avent,Female
Koehler,Male
Okoli,Female
Nwokezuike,Female
Abbie,Female
Averyanov,Male
Unaipon,Female
Clamp,Male
Lim,Male
Pettit,Female
Newbery,Male
Landry,Male
Rohu,Female
Cary,Male
O'Loghlen,Female
Bednall,Female
Seabrook,Female
Kincaid,Male
Barwell,Female
Mello,Male
Rivera,Male
Wollstonecraft,Female
Thomsen,Female
Olejuru,Male
Yeates,Male
Thurgood,Male
Knupp,Female
Baryshnikov,Male
Shephard,Female
Buchanan,Female
Palazzi,Male
Wickham,Female
Brizendine,Male
Yusupov,Female
Wilder,Female
McNess,Female
Buckner,Male
Kenniff,Male
David,Male
Ginn,Female
Larsen,Female
Bardin,Female
Goold,Male
Zikoranaudodimma,Female
Fulton,Male
McCaffrey,Male
Zuev,Male
Fabro,Male
Chatfield,Male
Timms,Female
Williford,Male
Lampungmeiua,Female
Kline,Male
Riggs,Male
Dilke,Male
Hebert,Female
Burgess,Male
Bluett,Female
Andrejew,Male
Spyer,Male
Philip,Male
Fokine,Male
Tisdall,Female
Onochie,Male
Mullan,Female
Northey,Female
Howarde,Male
Colman,Female
Wilkie,Female
Ann,Female
Souter,Female
Onwudiwe,Male
Hazon,Male
Samuel,Female
Malloy,Male
Fitts,Female
Abramov,Male
Demuth,Female
Lawless,Female
Balmain,Female
Ecuyer,Male
Despeissis,Female
Rischbieth,Female
Whitworth,Male
McMasters,Male
Alekseyeva,Male
Baranova,Female
Ervin,Female
Vance,Male
Ugonna,Male
O'Neill,Male
Pham,Female
Muravyov,Female
Zack,Male
Yudin,Male
Septimus,Male
Hargraves,Female
Bunton,Female
Dumetolisa,Female
Drake-Brockman,Male
Tretiakov,Female
Justice,Female
Ubanwa,Male
Kapustin,Male
Kirk,Male
Longstaff,Male
McWilliam,Female
Coffee,Male
Creswell,Male
Dodds,Male
Ewen,Male
Boniwell,Male
Bocharova,Female
Morres,Female
Vogel,Female
Wisdom,Female
Shahan,Female
Wofford,Male
Suffolk,Male
Judd,Male
Degtyarev,Male
Kinlaw,Female
Omeokachie,Female
Tikhonov,Female
Campa,Male
Donoghue,Male
Macintyre,Female
Praed,Female
Laurens,Female
Bykov,Female
Sturt,Female
Swaim,Male
Quinones,Male
Ludowici,Female
Larson,Female
Landman,Female
McCall,Male
Iloabuchi,Male
Macgroarty,Female
Shelton,Male
Lange,Male
Espinosa,Female
Barbour,Female
Ulyanova,Female
Steiner,Male
McNeil,Female
Okorie,Male
Moen,Male
McGuigan,Male
Fancher,Male
Kaeppel,Female
Jamison,Female
Hardiman,Female
Woodard,Male
Buckland,Female
Flannery,Male
Pearce,Male
Honore,Male
Macarthur,Female
Medvedev,Female
Sholes,Female
Rolon,Female
Bligh,Female
Lamble,Female
Jose,Female
D'Albertis,Male
Simpkinson,Female
Swadling,Male
Samoylova,Male
Leak,Male
Frost,Female
Whiddon,Female
Everingham,Female
Huie,Male
Crowther,Female
Skelton,Male
Elizabeth,Male
Serrano,Female
Mashman,Female
Chiemeka,Female
Kellway,Male
Sopuluchi,Male
Spitzer,Female
Kovalyova,Male
Builder,Male
Baddeley,Female
Dore,Male
Bazarova,Male
Burn,Female
Andreyev,Female
Nock,Female
Kelley,Male
Cisneros,Male
Borchgrevink,Female
Rozhkova,Male
Veltri,Female
Hayden,Female
Gough,Female
Le Grand,Male
Valdez,Female
Yevdokimova,Male
Akubundu,Female
Rhodes,Male
Burgmann,Male
Macvitie,Male
Jensen,Female
Chiazagomekpele,Male
Schiavone,Male
Naquin,Male
Schroeder,Male
Swearingen,Female
Olague,Male
Davila,Male
O'Meara,Male
Chukwuraenye,Female
Tipton,Male
Morey,Female
Ibbott,Male
Wiley,Male
Chukwukere,Male
Theus,Female
Parker,Female
Nash,Female
Brenan,Male
Spring,Male
Amaechi,Female
Foxall,Female
Bentley,Female
Baird,Female
Rocher,Female
Komar,Female
Loewenthal,Female
Aliyeva,Male
Montes,Female
Tyndall,Male
Christmas,Female
Quaife,Male
Holder,Male
Lahti,Male
Matthias,Female
Smeaton,Male
Gotch,Male
O'Toole,Female
Ledford,Female
Alaniz,Male
Streeter,Male
Barclay,Female
Otitodilichukwu,Male
Wheare,Male
Bogle,Male
Grimmett,Male
Knox,Male
Moyes,Male
Aikenhead,Female
Cran,Male
Golubova,Female
McElyea,Female
Rosas,Female
Morris,Female
Pavlova,Female
Yamamoto,Male
Zaitsev,Male
Cawker,Male
Froggatt,Male
Mikkelsen,Female
Kovalyov,Male
Mbanefo,Female
Lira,Male
Samson,Female
Fenton,Female
Mackey,Male
Payton,Female
Cowger,Male
Fantin,Male
Melton,Male
Patrick,Female
Collingridge de Tourcey,Female
Hammonds,Male
Gallop,Male
Gartrell,Male
Burgin,Female
Kapustina,Male
Greathouse,Male
Beers,Female
Tretyakova,Male
Lumholtz,Female
Mouzon,Male
Garnsey,Male
Wildman,Male
Plant,Female
Babbage,Female
Bogolyubov,Female
Gregson,Female
Speth,Male
Streeten,Male
Fox,Male
Gardner,Male
Bellew,Male
Krichauff,Female
Ainsworth,Male
Redding,Male
Inman,Male
Fischer,Female
Henning,Male
Narelle,Male
Bergman,Male
Goodman,Male
Innes,Male
Craigie,Female
Pethard,Male
Emery,Female
Dufresne,Female
Vial,Male
Pruneda,Male
Hess,Male
Zhou,Female
Bustard,Male
Davy,Female
Barrera,Female
Dreyer,Female
Short,Female
Kibby,Male
Ramos,Male
Keeley,Male
Farrar,Male
Greenhalgh,Female
Kolesnikov,Female
Rutherford,Male
Mendes,Male
Bronner,Female
Meany,Male
Favors,Male
Vida,Male
Wayn,Female
Nuttall,Female
Chukwunonso,Female
Musgrove,Male
Boulger,Male
Robe,Male
Muriel,Female
MacDevitt,Female
Chijindum,Male
Nott,Male
Sheets,Male
Tokaryev,Male
Frater,Female
Vanmeter,Female
Rearick,Male
Glenny,Male
Marks,Male
Trout,Male
Baranov,Female
Bidencope,Female
De Bernales,Male
Cashin,Male
Seppelt,Female
O'Connor,Male
McGuirk,Male
Ruth,Male
Nwoye,Male
Hammer,Male
Davydova,Female
Mario,Female
Warlow-Davies,Female
Champion,Male
William,Male
Archambault,Female
De Garis,Male
Holmwood,Female
Randall,Female
Light,Male
Lanford,Male
Anthony,Female
Witt,Female
Kazantseva,Female
Beyer,Female
Fries,Female
Connely,Male
Connolly,Male
Chamberlain,Male
Barber,Male
Zimmer,Female
Brazenor,Male
Caldwell,Female
Yirawala,Female
Castella,Male
Du Cane,Male
Onodugoadiegbemma,Male
Darling,Female
Ponomaryov,Female
Blacklock,Male
Henty,Female
Brock,Male
McChesney,Female
Lablanc,Female
Dillon,Male
Hoelscher,Male
Sinnett,Male
Younger,Male
Drake,Male
Hanna,Male
Loftus,Male
Chidalu,Female
Iredale,Male
Padilla,Male
Ibragimova,Male
Nakayama,Female
Gardener,Female
Aksenova,Male
Kudryashova,Female
Shaffer,Female
Laurie,Male
Rioux,Female
Nkemdirim,Male
Brim,Female
Soubeiran,Male
Helena,Female
Macdonald,Male
Chiekwugo,Male
Weller,Female
Bess,Female
Randell,Female
Randolph,Female
Montalvo,Female
Kosisochukwu,Male
Vigano,Female
Windradyne,Male
Curnow,Male
De Neeve,Male
Ebelechukwu,Male
Keating,Male
Shearston,Male
Fetherstonhaugh,Female
Severson,Female
Speight,Male
Greenwalt,Male
Grover,Female
Muse,Female
Rivers,Male
Heydon,Male
Holland,Female
Debellis,Female
Kibble,Male
Nebeolisa,Male
Lavrov,Female
Ingrassia,Male
Langdon,Male
Zubareva,Male
Newsom,Male
Shoobridge,Female
Fyodorova,Male
Solomon,Female
Layh,Male
Slattery,Male
Daniels,Female
Wanliss,Male
Eames,Male
Kenyon,Female
Arnott,Male
Steere,Female
Hannaford,Male
Mahon,Female
Miles,Male
Voss,Female
Colebatch,Male
Garran,Female
Rubensohn,Male
Lyons,Female
Namatjira,Male
Leibius,Male
Coppin,Female
Humffray,Male
Bottrill,Female
Sanford,Female
Jowers,Female
Kirsova,Female
Cockrum,Male
Greaves,Female
Pottinger,Female
Jessop,Male
Hodge,Male
Mansom,Male
Komarova,Male
Sutton,Female
Smalley,Male
Horrocks,Female
Frye,Female
Meredith,Female
Chimaoke,Male
Winters,Female
Hawthorn,Male
Hawdon,Male
Joslin,Male
Bidwill,Male
Tate,Female
Neal,Female
Fulks,Female
Ositadimma,Female
Kazantsev,Male
Shipton,Male
Rivas,Male
Hoolan,Male
Pepper,Female
Frankland,Female
Kwemtochukwu,Male
To Rot,Female
Lear,Female
Hughes-Jones,Female
Heard,Male
Efremova,Male
Morphett,Male
Lenhardt,Female
McMorran,Male
Phelan,Female
Hotchin,Female
McGarry,Male
McDaniels,Male
Tennant,Female
Donaghy,Male
Tobenna,Female
Vicars,Female
Vessels,Male
Mollison,Male
Aiken,Male
Brabyn,Male
Traeger,Female
Estep,Male
Kilgour,Female
Elliott,Female
Mahomed,Male
Bogdanov,Male
Moysey,Female
Angel,Male
Toosey,Male
Hassall,Male
Poninski,Male
Bonham,Male
Bold,Male
Izmailov,Male
Valentin,Male
McIver,Male
Fishbourne,Male
Real,Male
Odell,Male
Enticknap,Male
Mann,Male
Hirst,Female
Horan,Female
Cumbrae-Stewart,Female
Kinney,Female
Nina,Female
Mort,Male
Martinez,Male
Lacross,Female
Slate,Female
Chiebuka,Female
Boylan,Male
Liston,Female
Mazure,Male
Rudduck,Female
Darwin,Male
Hickey,Female
Stobie,Male
Drakeford,Male
Bermudez,Male
Blackwood,Male
Storey,Male
Glasgow,Male
Crotty,Female
Hysell,Female
Compton,Female
See,Male
Threatt,Male
Matlock,Male
Adamson,Female
Mishin,Female
Serra,Male
Summerville,Female
Astorga,Male
Blesing,Male
Sheehan,Female
Chigbogu,Male
Tilley,Male
Badgery,Male
Zarate,Female
Congreve,Male
Hayslett,Male
Loving,Male
Ugonnatubelum,Female
Corbett,Male
Eiland,Male
Labrador,Female
Dettmann,Male
Brierly,Female
Senior,Female
Garmon,Male
Biryukova,Male
Hutcheon,Male
Bateman,Male
Haugh,Male
Micklem,Female
Kegley,Female
Valenzuela,Male
Fomina,Male
Dixon,Male
Cullen,Male
Rudd,Female
Gidney,Female
Dalton,Female
Hartzler,Female
Game,Female
Haynes,Male
Jimenez,Female
Pharr,Male
Jerger,Male
Jowett,Female
Venables,Male
Monnier,Male
Gadsden,Female
Oster,Female
Chizoba,Male
Peyser,Female
Alleyne,Male
Zikoranachukwudimma,Female
Rickard,Female
Andreev,Female
Shand,Male
Stehle,Female
Belonwu,Male
Field,Male
Jefferies,Male
Lockyer,Male
Torreggiani,Male
Richards,Female
Andreyeva,Male
Bowen,Male
Lockett,Female
Phelps,Female
Frederick,Female
Carlson,Female
Ewers,Male
Hannam,Male
Mofflin,Male
Maitland,Male
Brigstocke,Male
Seleznyova,Female
Joseph,Male
Salier,Female
Ponomaryova,Male
Grosse,Male
Belbin,Male
Titheradge,Male
Beggs,Male
Luffman,Male
Hagins,Male
Kirwan,Female
Milligan,Male
Royster,Male
Gouger,Male
Ignatyev,Female
Munz,Female
Paling,Female
Clancy,Male
Rios,Male
Kirillov,Female
Stiles,Male
Gaffney,Female
Armit,Male
Ramsbotham,Female
Scannell,Female
Edman,Male
Shaver,Female
Coupp,Male
Bezrukova,Male
Cohn,Male
Lay,Male
Schmidt,Male
Hussey,Male
Macfarlan,Male
Szabados,Male
McKelvey,Male
McConnell,Female
Winifred,Male
Riddle,Female
McClemans,Male
Basedow,Female
Nwora,Female
Howey,Female
Kramer,Female
Herrin,Female
Newland,Male
Demaine,Female
Harewood,Male
Uren,Male
Ruggiero,Male
Wilding,Male
Allsop,Female
Castles,Male
Colbert,Female
Sheffield,Male
Dyson,Female
Flores,Male
Nicoll,Female
Raynor,Female
Micco,Female
Avdeev,Male
Bremer,Female
Gadsdon,Male
Weber,Female
Algarin,Female
Metcalf,Female
Lupton,Male
Ibeamaka,Male
Rueda,Male
Semmens,Male
Bogdanova,Female
Corser,Male
McCardle,Male
Radcliffe-Brown,Male
Cardus,Female
Whitehouse,Female
McCulloch,Female
Koo,Male
Woolnough,Male
Vinogradov,Male
Snider,Female
Moreno,Female
Bonwick,Female
Vale,Male
Arkwookerum,Male
Lujan,Female
Gannon,Male
Romero,Female
Onwuamaegbu,Female
Peacock,Female
Nnaemeka,Male
Efimov,Female
Maynard,Male
Zotova,Male
Hannah,Female
Cartagena,Female
Victor,Male
Krawczyk,Female
Abel,Male
Cavill,Female
Renwick,Male
Linton,Female
Langlands,Male
Sykes,Male
Kryukov,Female
Donnelly,Male
Boucaut,Male
Silva,Male
Edmondstone,Female
Georg,Female
Michelides,Male
Edmund la Touche,Male
Belousov,Male
McCane,Female
Parry-Okeden,Female
Aldrich,Male
Shillito,Female
Kauffmann,Male
Bock,Female
Brewer,Male
Jacka,Female
Sharp,Female
Atherton,Male
Cookson,Male
Hort,Female
Diehl,Male
Mead,Male
Huddart,Female
Swain,Male
Brient,Male
Percy,Male
Floyd,Female
Melendez,Female
Hearn,Male
Swanson,Female
Ryrie,Female
Montemayor,Female
Izuchukwu,Male
Herring,Male
Chiefo,Male
Palmerston,Male
Polyakov,Male
Chester,Male
Denisova,Female
Clogstoun,Male
Bennet,Male
Hallahan,Male
Louis,Male
Trouette,Female
Cribb,Female
Corson,Male
Hinton,Male
Bromby,Female
Batty,Female
Agafonova,Male
Birk,Male
Childs,Female
Stetson,Female
Waring,Male
Thao,Female
Armfield,Male
Panina,Male
Buddicom,Female
Keen,Male
Liebe,Female
Raff,Female
Guerin,Male
Dominguez,Male
Sawtell,Female
Kharitonova,Male
Muramats,Male
Gay,Female
Maurer,Male
Grieve,Male
Lowell,Male
Philipp,Male
Dynon,Male
Rene,Male
Daigle,Female
Joshua,Male
Cochran,Female
Bibb,Female
Corran,Female
Lovely,Male
Plascencia,Male
Zotov,Male
Nnabuife,Female
Tinline,Male
Retana,Female
O'Loughlin,Male
Reyes,Male
Downie,Female
Yegorov,Male
Cantrell,Male
Glennon,Male
Yancy,Female
Bukowski,Female
Kharlamova,Male
Ross-Watt,Female
Sadler,Male
Gratwick,Female
Bovee,Male
Clunie,Female
Cover,Male
Hodgson,Female
Harvey,Male
Chase,Male
Aparicio,Female
Alexandrov,Male
Campos,Male
McKinnon,Female
Burt,Male
Feetham,Female
Coburn,Male
Corones,Male
Morrice,Female
Barrett,Female
Tardent,Male
Castillo,Male
Lindsay,Male
Macnamara,Female
Aksakova,Male
Farnsworth,Male
Koch,Female
Fleetwood-Smith,Male
Chinonyelum,Male
Montague,Male
Yewen,Female
Kalinin,Male
Iweobiegbulam,Male
Schwartz,Female
Sargent,Female
Kepley,Male
Lassetter,Female
Michel,Male
Rapuluolisa,Female
Osorio,Male
Pike,Female
Gearheart,Female
Egobudike,Male
Ahern,Female
Nevels,Male
Winn,Female
Lopez,Male
Steen,Male
Pipes,Male
Wark,Male
Allnutt,Female
Pedder,Male
Selwyn,Male
Koger,Male
Kendall,Male
Elliot,Female
Gratton,Male
Carandini,Female
Korff,Female
Kiernan,Male
Mathews,Female
Macrossan,Female
Illingworth,Female
Menhennitt,Female
Shoebridge,Male
Eva,Female
Belisario,Male
Pomeroy,Male
Schaffer,Female
Temple,Male
Ridley,Male
Slye,Male
Takasuka,Female
Bruche,Male
Ryan,Male
Purdy,Male
Higgins,Female
Reye,Female
Willoughby,Female
Mayne,Male
Paramor,Male
Daly,Female
McClinton,Male
Holbrook,Male
Faulk,Female
Forster,Male
Buttenshaw,Female
Nazarova,Male
Merrett,Male
Elder,Female
Gunson,Male
Gleeson,Male
Lang,Male
Eve,Male
Stradford,Male
Brownlow,Male
Fyans,Male
Creel,Female
Nicolay,Female
Pauley,Male
Goering,Male
Maduabuchim,Female
Linger,Male
Kenechukwu,Female
Learmonth,Male
Duggan,Male
Krischock,Male
Binder,Female
Zubarev,Female
Coleman,Male
Molineux,Female
Duigan,Female
Jobson,Male
Perreault,Male
Algeranoff,Female
Arrington,Male
Kamdibe,Female
Cousens,Male
Hawks,Female
Thynne,Male
Greenwood,Female
Ogle,Male
Wolfe,Male
Dilibe,Female
Santiago,Female
Priestley,Female
Salmond,Male
Goloubev,Female
Dipietro,Male
Niehaus,Male
Barclay-Harvey,Male
Hartung,Male
Sternberg,Female
Shepherd,Female
Marcum,Male
Whitelegge,Male
Rooke,Male
Eskridge,Male
Claiborne,Male
Ibrahimov,Male
Enriquez,Male
Gilleland,Female
Fullwood,Female
Doyne,Female
Rawling,Female
Ankudinova,Female
Balsillie,Male
Worsnop,Male
Buda,Male
Broadhurst,Female
Garrett,Female
Logue,Female
Rechner,Male
Batt,Female
Trujillo,Female
Ash,Male
Kumm,Female
Carey,Female
Farber,Female
Edments,Male
Lindon,Female
Pitcher,Male
Kable,Male
Kulikova,Male
Navarrete,Male
Huguley,Female
Onwubiko,Male
Slater,Male
Menkens,Male
Dowse,Male
Griffen,Male
Uvarov,Female
Gunter,Male
Collee,Male
Hairston,Male
Abdulov,Female
Perkin,Female
Bond,Female
Stirling,Female
Rutledge,Male
Mullah,Male
Candler,Female
Hollis,Male
Lionel,Male
Serena,Female
Cummins,Female
Peck,Male
Gerald,Male
Nebeuwa,Male
Maruff,Male
Knepper,Female
Hand,Female
Berkeley,Female
Mountgarrett,Male
Wreford,Female
Bolton,Male
Corrie,Male
Lambie,Male
Streeton,Female
Pennington,Male
Ansell,Male
Stokes,Male
Ampt,Male
Wynn,Male
Wagner,Female
Argyle,Female
Locke,Male
Bullen,Male
Munson,Male
Swanton,Female
Shipp,Male
Jonathan,Male
Hernandez,Male
Highland,Male
Peel,Female
Salas,Male
Laney,Female
Messersmith,Female
Etheridge,Male
Jolly,Female
Botts,Male
Fink,Female
Morehead,Male
Balashova,Male
Lowe,Male
Ponce,Male
Klein,Female
Shcherbakov,Female
Mosley,Female
Everett,Female
Rouse,Female
Burrows,Female
Artyomova,Male
Yermolayeva,Female
Le Hunte,Male
Sparks,Female
Northern,Male
Jack,Male
Secombe,Male
Bancks,Male
Fairley,Female
Boothby,Female
Ramsey,Male
Eipper,Male
Fernandez,Female
Yermolayev,Female
Kolesnikova,Female
Sharwood,Female
Bufkin,Female
Neitenstein,Male
Bales,Male
Romilly,Male
Bracewell,Female
Torkelson,Male
Hightower,Female
Levan,Male
Loginov,Female
Lafleur,Female
Miranda,Male
Simon,Female
Golubeva,Male
Stange,Female
Milliner,Female
Swinton,Male
Sukhorukova,Female
Carruthers,Male
O'Loghlin,Male
Troupe,Male
Deleon,Male
Downer,Female
Bochsa,Female
Czajkowski,Male
Pankhurst,Male
Birdseye,Female
Chuter,Male
Nielson,Male
Leckie,Male
Cayley,Male
Kuykendall,Male
Ukaegbulam,Female
Clendinnen,Male
Mactier,Female
Lipton,Male
Levy,Female
Amies,Male
Aliyev,Female
Langler,Male
Pye,Female
Asher,Male
Major,Female
Halpern,Male
Nyhan,Male
Birdsall,Female
Mackie,Male
Pokrovskaya,Female
Moroney,Male
Spence,Female
Crocker,Male
Polyakova,Male
Cantamessa,Female
Teakle,Female
Challis,Female
Dodgshun,Male
Blackall,Female
Schoenheimer,Female
Bromley,Female
Shubina,Female
Kinder,Female
Shepherdson,Female
Burson,Female
Hopwood,Male
Lindeman,Female
McKinley,Female
Sanchez,Male
Muomelu,Male
McVey,Female
McKissick,Male
Horsfall,Female
Clapp,Female
MacDonnell,Male
Ermakov,Male
Peppin,Male
Fontenot,Male
Gentry,Male
Sunderland,Female
Knorr,Male
Frederickson,Female
Pickworth,Male
McGill,Female
Sarratt,Female
Leworthy,Male
Rivero,Female
Hornung,Female
Barnet,Male
Dennys,Female
Salter,Male
Lazar,Male
Onyenachiya,Male
McCawley,Female
Teague,Female
Nekrasova,Male
Carroll,Male
Landor,Male
Wardell,Male
Ali,Male
Waterhouse,Male
Jara,Female
O'Callaghan,Female
Pease,Male
Hobson,Male
Lappin,Male
Travis,Male
Jefferson,Male
Begley,Female
Levien,Female
Erskine,Male
Castro,Female
Voronova,Female
Dietz,Male
Voronoff,Female
Trevascus,Female
Durant,Male
Ardis,Male
Pettry,Female
Elmore,Male
Voronkov,Female
Garland,Female
Duke,Female
Bradbury,Female
Bayley,Male
Cremin,Female
Gilchrist,Female
Fitzpatrick,Male
Pagan,Female
Hendrick,Male
Burfitt,Male
Nieves,Male
Bruny,Female
Felix,Male
Rippey,Male
Converse,Female
Bogolyubova,Male
Remington,Female
Levi,Male
Bennetts,Male
Vachon,Female
Upjohn,Male
Marcus,Female
Alvares,Male
McDavid,Male
Brothers,Female
Molle,Male
Galgano,Female
Raymond,Female
Brodney,Female
Afanasyev,Female
Meagher,Male
McGuffog,Female
Sargood,Female
Harrington,Female
Lorenzen,Male
Vidler,Female
Allingham,Male
Stelzer,Male
Rubin,Female
Harrell,Male
Welsh,Male
Sousa,Female
Obijiaku,Male
Mullen,Male
Howell,Male
Clifton,Male
Ilyina,Male
Quezada,Male
Tobeolisa,Female
Akudinobi,Female
Flemming,Female
Azarov,Female
Chill,Female
Dumolo,Female
Wetherspoon,Male
Hampton,Male
Hibbins,Male
Lea,Male
Sauve,Female
Eidson,Female
Melvin,Female
Dawkins,Male
Rita,Male
Woolacott,Female
Service,Male
Dancy,Female
Hankinson,Female
Afamefula,Male
Sherrod,Male
Barling,Female
Hobler,Male
Bair,Male
Drury,Female
Beale,Male
McMinn,Male
Hajek,Male
Mays,Female
Swayne,Male
Fennescey,Male
Colon,Male
Lederer,Male
Cecil,Male
Manners,Male
Wynne,Female
Disher,Male
Yocum,Female
Lowrie,Female
Lavarack,Male
Gomes,Female
Gibney,Male
Foran,Male
Wyckoff,Male
Soares,Female
Kenechi,Female
Becher,Male
Runyon,Male
Dobbs,Male
Foveaux,Female
Currey,Male
Nicholas,Female
Foster,Female
Edmondson,Male
Ah Mouy,Female
Blue,Male
Sievier,Female
Watterston,Male
Butters,Male
Weaver,Male
Earl,Male
Begg,Female
McNaughtan,Female
Reagan,Male
Bancroft,Female
Band,Female
Sandefur,Male
Cone,Female
Liardet,Male
Wilkes,Male
Howell-Price,Female
Rowland,Female
Barnard,Male
Pendred,Male
Samaniego,Female
Burgos,Male
Spinelli,Female
Peavy,Female
Lindell,Female
Sorenson,Female
Cockett,Male
Galkina,Female
Spears,Female
Hardacre,Male
Wakelin,Female
Shah,Male
Combs,Male
Mayrhofer,Male
Yefremov,Female
Kosovich,Female
Taplin,Female
Yefimov,Male
Hales,Male
Copeland,Male
Rishel,Female
Larkin,Male
Eddy,Male
Sells,Female
Bezrukov,Male
St Clair,Female
Lockington,Male
Weston,Female
Groom,Female
Cambage,Male
Burdekin,Female
Franz,Male
Morant,Female
Loton,Male
Sani,Female
Von Doussa,Female
Miracle,Male
Burtch,Male
McLachlan,Female
Wenz,Female
Kisch,Female
Newman,Female
Ndubuisi,Male
Plummer,Male
Ershova,Male
Brookman,Male
McBurney,Male
Mickey,Male
Olszewski,Female
Bellasis,Female
De Mestre,Male
Mundy,Male
Donahue,Male
Verjus,Female
Spaull,Male
Voronina,Female
Crumbley,Male
Birch,Male
Custance,Male
Marshall-Hall,Female
More,Female
Bazile,Male
Wardle,Female
Lilly,Male
Medland,Male
Denman,Male
Ratten,Male
Abron,Male
Belcher,Male
Abernathy,Female
Pape,Female
Earle,Female
Coombes,Male
Hopman,Female
Trejo,Male
Macknight,Male
Glossop,Male
Chalmers,Female
Picot,Female
Neumayer,Female
Yip,Female
Ingle,Female
Coffey,Female
Istomin,Female
Fernando,Female
McClaran,Male
Townsley,Male
Mueller,Male
Abdullah,Female
Caraway,Male
Loane,Male
Geach,Male
Charteris,Male
Descoteaux,Male
Crump,Female
Diggs,Female
Carvosso,Female
Nickson,Female
Highett,Female
Rendall,Female
Allardyce,Female
Weatherford,Female
Chong,Female
Alvarez,Male
Pritchard,Female
Rawlings,Male
Truscott,Male
Willmore,Female
Godson,Male
Bitter,Female
Forlonge,Male
Reyna,Female
Tran,Male
Otoole,Female
Kane,Female
Isaacs,Male
Timperley,Female
Christopher,Female
Lawley,Female
Whitson,Male
Wimble,Female
Fermin,Female
Fadden,Female
Zox,Female
Landseer,Male
Crace,Female
Packham,Male
Nero,Male
Haddon,Male
Slone,Female
Dann,Male
Hooker,Male
Kistler,Male
Leason,Female
Bruner,Female
Rubeo,Male
Claypool,Female
Walpole,Male
Steigrad,Male
Hixson,Female
Laura,Male
Hendley,Male
Birnie,Female
Montgomery,Male
Gamble,Male
Chifo,Female
Quesada,Female
Wunder,Female
Burlingame,Female
Kesteven,Male
Abrego,Female
Parrott,Male
Zinachukwudi,Male
Keane,Male
McCollum,Male
Gambrell,Female
Rieke,Female
Cawood,Male
Yelverton,Male
Mault,Female
Frewin,Female
Royston,Female
Wearing,Male
Suttor,Male
Catchpole,Female
Siddons,Male
Arbour,Male
Hingston,Female
Sacco,Male
Robb,Female
Ochoa,Female
Richmond,Female
Nworie,Female
Wentcher,Female
Hayes-Williams,Female
Cairns,Male
Schatz,Male
Stanton,Female
Ramirez,Male
Mullawirraburka,Male
Chubb,Male
Huggins,Female
Cowen,Female
Kaleski,Male
Sugden,Male
Beck,Male
Beam,Female
Haworth,Male
Guidry,Male
Maher,Female
Rapuluchukwu,Female
Cyril,Female
Laidley,Male
McNeill,Male
Kentish,Female
Persse,Male
Ham,Female
Paten,Female
Esquivel,Male
Sidorova,Male
Santana,Male
Mironov,Male
Ruse,Male
Palfreyman,Male
Webster,Male
Cardell,Female
Lennox,Male
Meldrum,Male
Vidal,Female
Veale,Male
Kershaw,Female
Vanzetti,Male
Boone,Male
Nagy,Male
Lehr,Female
Upchurch,Female
Woodhouse,Female
Toth,Female
Ingamells,Male
Overby,Female
Chifley,Female
Rodriguez,Female
Kingsley,Male
Gosnell,Male
Gearhart,Female
Seccombe,Male
Rounsevell,Female
Stoneman,Male
Moody,Male
Keldie,Female
Defalco,Male
Tillman,Male
Beede,Male
Sadlier,Male
Bozeman,Male
Shelby,Male
Marian,Male
Fane,Female
Caffyn,Male
Dahlenburg,Male
Olson,Male
Andersen,Male
Mackinlay,Male
Norriss,Female
Mott,Male
Fokina,Male
Boan,Male
Topp,Female
Burgoyne,Male
Gebhart,Female
Tudawali,Female
Maconochie,Male
Plumb,Female
Benford,Female
Cobb,Male
Macadam,Male
Tychonoff,Male
Urban,Female
Lascelles,Male
Mack,Male
Sneddon,Male
Hopetoun,Male
Faria,Female
Marquez,Female
Barnhill,Male
Ogg,Male
Wells,Male
Calzada,Male
Gresswell,Male
Aguirre,Female
Morales,Male
Moffitt,Male
Weigel,Male
Ohearn,Female
Munroe,Female
Trumbull,Male
Crist,Female
O'Kane,Female
Lorimer,Female
McDowell,Male
Root,Female
Saad,Female
Corby,Male
Dwyer,Female
Flannagan,Male
Sturdee,Female
Hull,Male
Vagin,Female
Mach,Male
MacPherson,Male
Parks,Male
Edith,Female
Lajoie,Female
Torode,Female
Salinas,Female
Cleveland,Male
Kashiwagi,Male
Aldridge,Male
Burbidge,Male
